Date,Open,High,Low,Close,Volume,Dividends,Stock Splits,VMA_20,VROC_10,OBV,VPT,MACD,MACD_Signal,MACD_Histogram,RSI,SMA_20,SMA_50,SMA_200,EMA_12,EMA_26,BB_Middle,BB_Upper,BB_Lower,BB_Width,BB_Position,%K,%D,TR,+DM,-DM,TR_Smooth,+DM_Smooth,-DM_Smooth,+DI,-DI,DX,ADX,Williams_R,CCI,ATR,Sinyal,Alasan,Skor_Sinyal
2025-05-21 00:00:00+07:00,83.0,84.0,82.0,84.0,17277800,0.0,0.0,,0.0,0,0.0,0.0,0.0,0.0,50.0,,,,84.0,84.0,,,,,0.5,50.0,50.0,,0.0,0.0,,,,0.0,0.0,,0.0,-50.0,0.0,0.0,Tahan,,0
2025-05-22 00:00:00+07:00,84.0,84.0,82.0,82.0,13880600,0.0,0.0,,0.0,-13880600,-330490.47619047615,-0.15954415954415424,-0.03190883190883085,-0.1276353276353234,50.0,,,,83.6923076923077,83.85185185185185,,,,,0.5,50.0,50.0,2.0,0.0,0.0,,,,0.0,0.0,,0.0,-50.0,0.0,0.0,Tahan,,0
2025-05-23 00:00:00+07:00,83.0,84.0,82.0,82.0,4167600,0.0,0.0,,0.0,-13880600,-330490.47619047615,-0.2827249778816707,-0.08207206110339883,-0.2006529167782719,50.0,,,,83.4319526627219,83.71467764060357,,,,,0.5,50.0,50.0,2.0,0.0,0.0,,,,0.0,0.0,,0.0,-50.0,0.0,0.0,Tahan,,0
2025-05-26 00:00:00+07:00,82.0,86.0,81.0,83.0,13394600,0.0,0.0,,0.0,-486000,-167141.69570267128,-0.2962401491958815,-0.12490567872189537,-0.17133447047398612,50.0,,,,83.36549840691853,83.66173855611441,,,,,0.5,50.0,50.0,5.0,2.0,0.0,,,,0.0,0.0,,0.0,-50.0,0.0,0.0,Tahan,,0
2025-05-27 00:00:00+07:00,83.0,84.0,75.0,82.0,20877600,0.0,0.0,,0.0,-21363600,-418679.0451002617,-0.38322508228598906,-0.1765695594347141,-0.20665552285127495,50.0,,,,83.15542172893106,83.53864681121705,,,,,0.5,50.0,50.0,9.0,0.0,6.0,,,,0.0,0.0,,0.0,-50.0,0.0,0.0,Tahan,,0
2025-05-28 00:00:00+07:00,82.0,86.0,82.0,82.0,18314400,0.0,0.0,,0.0,-21363600,-418679.0451002617,-0.4470084334843847,-0.23065733424464824,-0.21635109923973644,50.0,,,,82.97766453986473,83.42467297334912,,,,,0.5,50.0,50.0,4.0,2.0,0.0,,,,0.0,0.0,,0.0,-50.0,0.0,0.0,Tahan,,0
2025-06-02 00:00:00+07:00,82.0,83.0,75.0,80.0,10877000,0.0,0.0,,0.0,-32240600,-683971.7280270909,-0.6514311908793076,-0.3148121055715801,-0.33661908530772744,50.0,,,,82.51956230296247,83.17099349384178,,,,,0.5,50.0,50.0,8.0,0.0,7.0,,,,0.0,0.0,,0.0,-50.0,0.0,0.0,Tahan,,0
2025-06-03 00:00:00+07:00,80.0,80.0,77.0,79.0,16144400,0.0,0.0,,0.0,-48385000,-885776.7280270909,-0.8839398333866768,-0.4286376511345995,-0.4553021822520773,50.0,,,,81.97809117942978,82.86203101281646,,,,,0.5,50.0,50.0,3.0,0.0,0.0,,,,0.0,0.0,,0.0,-50.0,0.0,0.0,Tahan,,0
2025-06-04 00:00:00+07:00,79.0,81.0,77.0,80.0,18241200,0.0,0.0,,0.0,-30143800,-654875.4622043062,-0.9762592560532966,-0.5381619721183389,-0.4380972839349576,50.0,,,,81.6737694595175,82.6500287155708,,,,,0.5,50.0,50.0,4.0,1.0,0.0,,,,0.0,0.0,,0.0,-50.0,0.0,0.0,Tahan,,0
2025-06-05 00:00:00+07:00,80.0,80.0,78.0,80.0,14087200,0.0,0.0,,0.0,-30143800,-654875.4622043062,-1.0374638264495957,-0.6380223429845903,-0.3994414834650054,50.0,,,,81.41626646574558,82.45373029219517,,,,,0.5,50.0,50.0,2.0,0.0,0.0,,,,0.0,0.0,,0.0,-50.0,0.0,0.0,Tahan,,0
2025-06-10 00:00:00+07:00,79.0,86.0,78.0,84.0,25436200,0.0,0.0,,47.21897463797474,-4707600,616934.5377956938,-0.754504856515652,-0.6613188456908027,-0.09318601082484934,50.0,,,,81.81376393255395,82.5682687890696,,,,,0.5,50.0,50.0,8.0,6.0,0.0,,,,0.0,0.0,,0.0,-50.0,0.0,0.0,Tahan,,0
2025-06-11 00:00:00+07:00,84.0,84.0,82.0,83.0,11349700,0.0,0.0,,-18.2333616702448,-16057300,481819.06160521763,-0.6039870896840398,-0.6498524944894501,0.04586540480541035,50.0,,,,81.99626178908412,82.60024887876816,,,,,0.5,50.0,50.0,2.0,0.0,0.0,,,,0.0,0.0,,0.0,-50.0,0.0,0.0,Tahan,,0
2025-06-12 00:00:00+07:00,83.0,108.0,82.0,103.0,269608700,0.0,0.0,,6369.1597082253575,253551400,65447770.86883413,1.1162645748100601,-0.29662908062954807,1.4128936554396083,50.0,,,,85.22760612922502,84.11134155441496,,,,,0.5,50.0,50.0,26.0,24.0,0.0,,,,0.0,0.0,,0.0,-50.0,0.0,0.0,Tahan,,0
2025-06-13 00:00:00+07:00,103.0,103.0,92.0,95.0,52762700,0.0,0.0,,293.9102324817464,200788700,61349697.08242636,1.813142493432963,0.12532523418295416,1.687817259250009,63.41463414634146,,,,86.73105134011348,84.91790884668052,,,,,0.5,60.60606060606061,50.0,11.0,0.0,0.0,,35.0,13.0,0.0,0.0,,0.0,-39.39393939393939,0.0,6.285714285714286,Tahan,,0
2025-06-16 00:00:00+07:00,94.0,103.0,90.0,93.0,60829500,0.0,0.0,,191.36251293252099,139959200,60069076.02979478,2.178922714651094,0.5360447302765821,1.6428779843745118,60.46511627906977,,,,87.69550498009602,85.51658226544492,,,,,0.5,54.54545454545454,50.0,13.0,0.0,2.0,99.0,35.0,15.0,35.35353535353536,15.151515151515152,40.0,0.0,-45.45454545454545,0.0,7.071428571428571,Tahan,,0
2025-06-17 00:00:00+07:00,94.0,97.0,94.0,94.0,21072200,0.0,0.0,,15.05809636133316,161031400,60295658.82549371,2.5204437117348135,0.9329245265682284,1.587519185166585,64.28571428571428,,,,88.66542729085049,86.14498357911567,,,,,0.5,57.57575757575758,57.57575757575757,4.0,0.0,0.0,101.0,35.0,15.0,34.65346534653465,14.85148514851485,40.0,0.0,-42.42424242424242,0.0,7.214285714285714,Tahan,,0
2025-06-18 00:00:00+07:00,94.0,97.0,90.0,91.0,13177600,0.0,0.0,,21.151052679966902,147853800,59875097.12336605,2.519977897920242,1.2503352008386313,1.2696426970816108,60.0,,,,89.02459232302733,86.50461442510709,,,,,0.5,48.484848484848484,53.53535353535353,7.0,0.0,4.0,106.0,35.0,19.0,33.0188679245283,17.92452830188679,29.629629629629633,0.0,-51.515151515151516,0.0,7.571428571428571,Tahan,,0
2025-06-19 00:00:00+07:00,91.0,93.0,84.0,87.0,18230600,0.0,0.0,,12.922127796635365,129623200,59073752.068421,2.1718069281461965,1.4346295463001444,0.7371773818460521,54.166666666666664,,,,88.71311658102313,86.54130965287693,,,,,0.5,36.36363636363637,47.47474747474748,9.0,0.0,6.0,110.0,33.0,25.0,30.0,22.727272727272727,13.793103448275865,0.0,-63.63636363636363,0.0,7.857142857142857,Tahan,,0
2025-06-20 00:00:00+07:00,87.0,93.0,84.0,87.0,26752100,0.0,0.0,,46.657566388176214,129623200,59073752.068421,1.874273468315863,1.5225583307032882,0.3517151376125749,55.319148936170215,,,,88.44956018394265,86.57528671562679,,,,,0.5,36.36363636363637,40.40404040404041,9.0,0.0,0.0,110.0,33.0,19.0,30.0,17.272727272727273,26.923076923076923,0.0,-63.63636363636363,0.0,7.857142857142857,Tahan,,0
2025-06-23 00:00:00+07:00,85.0,85.0,79.0,84.0,18319500,0.0,0.0,33240060.0,30.04358566642058,111303700,58442045.17186928,1.380487726644617,1.494144209891554,-0.11365648324693711,52.0,85.75,,,87.76501246333609,86.38452473669147,85.75,98.39703002372701,73.10296997627299,25.294060047454025,0.4308137959379856,27.27272727272727,33.333333333333336,8.0,0.0,5.0,114.0,31.0,24.0,27.192982456140353,21.052631578947366,12.727272727272736,0.0,-72.72727272727273,-37.84570596797668,8.142857142857142,Tahan,Konfirmasi bearish dari MACD dan RSI. ,-2
2025-06-24 00:00:00+07:00,82.0,87.0,82.0,84.0,9643200,0.0,0.0,32858330.0,-62.08867676775619,111303700,58442045.17186928,0.9778865019546572,1.3908926683041747,-0.4130061663495175,54.166666666666664,85.75,,,87.185779776669,86.20789327471434,85.75,98.39703002372701,73.10296997627299,25.294060047454025,0.4308137959379856,22.58064516129032,28.73900293255132,5.0,2.0,0.0,111.0,33.0,17.0,29.72972972972973,15.315315315315313,32.00000000000001,0.0,-77.41935483870968,-17.79173207744642,7.928571428571429,Tahan,Konfirmasi bearish dari MACD dan RSI. ,-2
2025-06-25 00:00:00+07:00,84.0,85.0,79.0,82.0,17460400,0.0,0.0,33037320.0,53.8401896085359,93843300,58026321.36234547,0.49177002674795744,1.2110681399929313,-0.7192981132449738,53.06122448979592,85.75,,,86.3879675033353,85.89619747658735,85.75,98.39703002372701,73.10296997627299,25.294060047454025,0.35174384843854056,16.129032258064516,21.9941348973607,6.0,0.0,3.0,114.0,33.0,20.0,28.947368421052634,17.543859649122805,24.52830188679246,0.0,-83.87096774193549,-46.47285610086486,8.142857142857142,Tahan,Konfirmasi bearish dari MACD dan RSI. ,-2
2025-06-26 00:00:00+07:00,83.0,89.0,81.0,85.0,27543500,0.0,0.0,34206115.0,-89.78389792317533,121386800,59034010.386735715,0.34462156296210367,1.0377788245867658,-0.6931572616246622,54.90196078431373,85.9,,,86.17443404128372,85.82981247832161,85.9,98.43038412482991,73.3696158751701,25.060768249659816,0.4640872940911449,23.333333333333332,20.68100358422939,8.0,4.0,0.0,118.0,36.0,20.0,30.508474576271187,16.94915254237288,28.571428571428577,0.0,-76.66666666666667,-10.582010582010513,8.428571428571429,Tahan,Konfirmasi bearish dari MACD dan RSI. ,-2
2025-06-30 00:00:00+07:00,85.0,91.0,85.0,86.0,23058800,0.0,0.0,34689325.0,-56.29715689303239,144445600,59305290.386735715,0.30517907352347606,0.8912588743741079,-0.5860798008506318,55.769230769230774,86.05,,,86.14759803493237,85.8424189614089,86.05,98.50581665010579,73.59418334989421,24.911633300211577,0.4979929055876247,26.666666666666668,22.043010752688172,6.0,2.0,0.0,122.0,38.0,20.0,31.147540983606557,16.39344262295082,31.034482758620694,0.0,-73.33333333333333,16.539440203562304,8.714285714285714,Tahan,Konfirmasi bearish dari MACD dan RSI. ,-2
2025-07-01 00:00:00+07:00,87.0,88.0,84.0,84.0,18977200,0.0,0.0,34594305.0,-68.80263687848823,125468400,58863960.15417758,0.11125485446444827,0.7352580703921759,-0.6240032159277277,50.0,86.15,,,85.81719833725046,85.70594348278601,86.15,98.50058063838551,73.7994193616145,24.701161276771018,0.41295955781553206,17.24137931034483,22.413793103448274,4.0,0.0,1.0,118.0,32.0,21.0,27.11864406779661,17.796610169491526,20.75471698113207,0.0,-82.75862068965517,-12.566137566137602,8.428571428571429,Tahan,Konfirmasi bearish dari MACD dan RSI. ,-2
2025-07-02 00:00:00+07:00,84.0,86.0,82.0,84.0,19902000,0.0,0.0,34673685.0,-5.553288218600811,125468400,58863960.15417758,-0.04194793658709273,0.5798168689963222,-0.621764805583415,51.020408163265316,86.25,,,85.53762936228884,85.57957729887593,86.25,98.49100099106106,74.00899900893894,24.482001982122114,0.408095751252571,17.24137931034483,20.38314176245211,4.0,0.0,2.0,120.0,32.0,23.0,26.666666666666668,19.166666666666668,16.363636363636363,0.0,-82.75862068965517,-30.80673758865243,8.571428571428571,Tahan,Konfirmasi bearish dari MACD dan RSI. ,-2
2025-07-03 00:00:00+07:00,84.0,84.0,82.0,83.0,11317300,0.0,0.0,34695700.0,-14.11713817387081,114151100,58729230.392272815,-0.24127265394555764,0.4155989644079463,-0.6568716183535039,16.666666666666657,86.4,,,85.14722484501364,85.3884974989592,86.4,98.38946906335107,74.41053093664894,23.978938126702133,0.35820890057621524,16.666666666666664,17.049808429118773,2.0,0.0,0.0,96.0,8.0,23.0,8.333333333333332,23.958333333333336,48.38709677419356,0.0,-83.33333333333334,-47.94520547945205,6.857142857142857,Tahan,,0
2025-07-04 00:00:00+07:00,83.0,85.0,82.0,83.0,10727800,0.0,0.0,34424870.0,-41.154981185479365,114151100,58729230.392272815,-0.3946891971301767,0.25354133210032176,-0.6482305292304984,22.727272727272734,86.6,,,84.81688256116539,85.21157175829556,86.6,98.19673275221584,75.00326724778415,23.193465504431686,0.34478386814113116,16.666666666666664,16.85823754789272,3.0,1.0,0.0,88.0,9.0,23.0,10.227272727272728,26.136363636363637,43.74999999999999,29.175910433147063,-83.33333333333334,-48.433048433048334,6.285714285714286,Tahan,Trend bearish kuat (ADX). ,-1
2025-07-07 00:00:00+07:00,83.0,83.0,79.0,81.0,12771300,0.0,0.0,34151375.0,-52.26057019822743,101379800,58421488.223598115,-0.6699336204556658,0.06884634158912423,-0.7387799620447901,22.727272727272734,86.65,,,84.22966985944764,84.8996034799033,86.65,98.13500166120556,75.16499833879445,22.970003322411117,0.2540270273061965,11.11111111111111,14.814814814814815,4.0,0.0,3.0,79.0,9.0,24.0,11.39240506329114,30.37974683544304,45.45454545454546,29.565520822757453,-88.88888888888889,-84.05587668593444,5.642857142857143,Tahan,Trend bearish kuat (ADX). ,-1
2025-07-08 00:00:00+07:00,81.0,83.0,80.0,82.0,17339400,0.0,0.0,34313985.0,-5.350036845983787,118719200,58635554.89026478,-0.7981743097225831,-0.10455778867321724,-0.6936165210493659,22.727272727272734,86.75,,,83.88664372722492,84.6848180369475,86.75,98.02409699966674,75.47590300033326,22.548193999333478,0.2893401129979452,16.666666666666664,14.814814814814815,3.0,0.0,0.0,78.0,9.0,24.0,11.538461538461538,30.76923076923077,45.45454545454546,29.955131212367842,-83.33333333333334,-77.67944936086532,5.571428571428571,Tahan,Stochastic oversold dengan potensi reversal. Trend bearish kuat (ADX). ,0
2025-07-09 00:00:00+07:00,81.0,83.0,81.0,83.0,12378500,0.0,0.0,33661100.0,28.365065538410487,131097700,58786512.20733795,-0.8097797009177725,-0.24560217112212834,-0.5641775297956442,30.0,86.7,,,83.75023699995955,84.56001670087733,86.7,98.03415889665999,75.36584110334002,22.66831779331997,0.33677659569911533,28.57142857142857,18.78306878306878,2.0,0.0,0.0,73.0,9.0,20.0,12.32876712328767,27.397260273972602,37.93103448275862,30.548088701877056,-71.42857142857143,-67.40196078431367,5.214285714285714,Tahan,Trend bearish kuat (ADX). ,-1
2025-07-10 00:00:00+07:00,83.0,84.0,82.0,84.0,9365800,0.0,0.0,33561905.0,-46.35976266294014,140463500,58899353.171193376,-0.7298719054049769,-0.34245611797869807,-0.38741578742627886,41.17647058823529,86.75,,,83.78866207688885,84.51853398229383,86.75,98.02409699966674,75.47590300033326,22.548193999333478,0.37803901278828406,35.714285714285715,26.984126984126984,2.0,1.0,0.0,66.0,10.0,14.0,15.151515151515152,21.21212121212121,16.666666666666664,30.753343217476402,-64.28571428571429,-53.09734513274351,4.714285714285714,Jual,Konfirmasi bearish dari MACD dan RSI. Trend bearish kuat (ADX). ,-3
2025-07-11 00:00:00+07:00,84.0,86.0,83.0,85.0,21555100,0.0,0.0,21159225.0,-21.741608728012054,162018600,59155961.50452671,-0.5791763743860372,-0.3898001692601659,-0.18937620512587128,44.444444444444436,85.85,,,83.9750217573675,84.55419813175354,85.85,94.14140328418853,77.55859671581146,16.582806568377066,0.44874209039976864,50.0,38.095238095238095,3.0,2.0,0.0,60.0,12.0,14.0,20.0,23.333333333333332,7.69230769230769,29.379716843850026,-50.0,-27.623522711092015,4.285714285714286,Jual,Konfirmasi bearish dari MACD dan RSI. Trend bearish kuat (ADX). ,-3
2025-07-14 00:00:00+07:00,86.0,86.0,83.0,84.0,17041600,0.0,0.0,19373170.0,-26.095026627578193,144977000,58955472.09276201,-0.5342818543639822,-0.41869650628092925,-0.11558534808305299,50.0,85.3,,,83.97886456392634,84.51314641829032,85.3,92.41114766072477,78.18885233927523,14.222295321449536,0.4085942198064622,41.66666666666667,42.46031746031746,3.0,0.0,0.0,55.0,12.0,9.0,21.818181818181817,16.363636363636363,14.285714285714281,29.49103409802442,-58.333333333333336,-27.49140893470813,3.9285714285714284,Tahan,Konfirmasi bearish dari MACD dan RSI. ,-2
2025-07-15 00:00:00+07:00,84.0,84.0,80.0,83.0,16723400,0.0,0.0,17167865.0,-11.876356891427609,128253600,58756383.99752391,-0.5727914827869824,-0.44951550158213993,-0.12327598120484251,47.05882352941176,84.8,,,83.82827001562998,84.40106149841696,84.8,90.97635559379901,78.62364440620098,12.352711187598032,0.35428300130523777,33.33333333333333,41.666666666666664,4.0,0.0,3.0,54.0,10.0,12.0,18.51851851851852,22.22222222222222,9.090909090909086,27.854670461660785,-66.66666666666666,-68.19144430326158,3.857142857142857,Jual,Konfirmasi bearish dari MACD dan RSI. Trend bearish kuat (ADX). ,-3
2025-07-16 00:00:00+07:00,84.0,89.0,82.0,86.0,42428100,0.0,0.0,18235660.0,113.18510702441966,170681700,60289929.78065644,-0.35711906650544734,-0.43103621456680147,0.07391714806135413,61.11111111111111,84.4,,,84.16238232091767,84.51950138742312,84.4,88.86742596321886,79.93257403678115,8.934851926437716,0.6790740365003348,58.333333333333336,44.44444444444445,7.0,5.0,0.0,55.0,15.0,9.0,27.27272727272727,16.363636363636363,24.999999999999993,27.88836318403275,-41.66666666666667,36.73245614035112,3.9285714285714284,Beli,Volume tinggi dengan harga menguat. Konfirmasi bullish dari MACD dan RSI. Trend bullish kuat (ADX). ,5
2025-07-17 00:00:00+07:00,86.0,89.0,86.0,86.0,20358300,0.0,0.0,18594695.0,79.88654537743102,170681700,60289929.78065644,-0.18407521823351658,-0.38164401530014447,0.1975687970666279,53.33333333333333,84.15,,,84.44509273308418,84.6291679513177,84.15,87.47613257323526,80.82386742676475,6.652265146470512,0.7781007610590428,58.333333333333336,50.0,3.0,0.0,0.0,50.0,11.0,9.0,22.0,18.0,10.0,26.56183257178785,-41.66666666666667,107.18954248365962,3.5714285714285716,Beli,Konfirmasi bullish dari MACD dan RSI. Trend bullish kuat (ADX). ,3
2025-07-18 00:00:00+07:00,87.0,88.0,85.0,86.0,18300800,0.0,0.0,18598205.0,70.5922929211954,170681700,60289929.78065644,-0.046401830348287376,-0.3145955783097731,0.2681937479614857,50.0,84.1,,,84.68430923568661,84.7307110660349,84.1,87.27224808215507,80.92775191784492,6.344496164310158,0.7994721646595233,70.0,62.22222222222223,3.0,0.0,1.0,47.0,9.0,10.0,19.148936170212767,21.27659574468085,5.263157894736837,24.721023652939007,-30.0,88.65979381443265,3.357142857142857,Tahan,Konfirmasi bullish dari MACD dan RSI. ,2
2025-07-21 00:00:00+07:00,87.0,92.0,86.0,88.0,31467100,0.0,0.0,18833955.0,146.38916946591186,202148800,61021722.80391226,0.22153489042044328,-0.2073694845637298,0.4289043749841731,64.28571428571428,84.15,,,85.19441550711943,84.97288061669899,84.15,87.53883616103163,80.76116383896839,6.777672322063239,1.068041625067526,69.23076923076923,65.85470085470085,6.0,4.0,0.0,49.0,13.0,9.0,26.53061224489796,18.367346938775512,18.181818181818176,24.537245167273728,-30.76923076923077,179.79797979797993,3.5,Beli,Volume tinggi dengan harga menguat. Konfirmasi bullish dari MACD dan RSI. ,4
2025-07-22 00:00:00+07:00,88.0,90.0,85.0,86.0,17280000,0.0,0.0,18781980.0,-0.3425724073497353,184868800,60628995.531184986,0.26938804896666113,-0.11201797785765163,0.3814060268243128,56.25,84.25,,,85.3183515829472,85.04896353398054,84.25,87.73681727895826,80.76318272104174,6.973634557916512,0.7509451829553342,53.84615384615385,64.35897435897436,5.0,0.0,1.0,50.0,13.0,8.0,26.0,16.0,23.80952380952381,25.069094270551403,-46.15384615384615,100.06497725795955,3.5714285714285716,Beli,Konfirmasi bullish dari MACD dan RSI. Trend bullish kuat (ADX). ,3
2025-07-23 00:00:00+07:00,86.0,88.0,85.0,86.0,19170200,0.0,0.0,19258330.0,54.86690632952297,184868800,60628995.531184986,0.3038098905744846,-0.028852404171224394,0.33266229474570896,60.0,84.35,,,85.42322057018609,85.1194106796116,84.35,87.9203457004963,80.77965429950369,7.140691400992608,0.731070061334767,53.84615384615385,58.97435897435897,3.0,0.0,0.0,51.0,13.0,8.0,25.49019607843137,15.686274509803921,23.80952380952381,23.313553344503564,-46.15384615384615,66.66666666666654,3.642857142857143,Tahan,Konfirmasi bullish dari MACD dan RSI. ,2
2025-07-24 00:00:00+07:00,86.0,87.0,85.0,86.0,12627800,0.0,0.0,19016700.0,34.82884537359329,184868800,60628995.531184986,0.3273163489216415,0.04238134644734878,0.2849350024742927,60.0,84.55,,,85.51195586708053,85.18463951815889,84.55,88.01258193898863,81.08741806101136,6.925163877977269,0.7093813266442909,53.84615384615385,53.84615384615385,2.0,0.0,0.0,50.0,12.0,8.0,24.0,16.0,20.0,21.617124773074995,-46.15384615384615,48.71794871794868,3.5714285714285716,Tahan,Konfirmasi bullish dari MACD dan RSI. ,2
2025-07-25 00:00:00+07:00,87.0,87.0,84.0,84.0,15392000,0.0,0.0,18409125.0,-28.592305301297603,169476800,60271042.04281289,0.1824588294053342,0.07039684303894586,0.11206198636638834,60.0,84.5,,,85.27934727214506,85.09688844273973,84.5,87.96410161513772,81.03589838486228,6.928203230275443,0.4278312163512961,33.33333333333333,47.008547008547005,3.0,0.0,1.0,49.0,12.0,6.0,24.489795918367346,12.244897959183673,33.333333333333336,20.751323907274124,-66.66666666666666,10.256410256410218,3.5,Tahan,,0
2025-07-28 00:00:00+07:00,84.0,85.0,83.0,85.0,9562800,0.0,0.0,17734325.0,-43.88555065252089,179039600,60384884.89995575,0.1466592476828339,0.08564932396772347,0.06100992371511042,60.0,84.45,,,85.23637076873813,85.08971152105529,84.45,87.85123816464407,81.04876183535593,6.80247632928814,0.5808529090548931,41.66666666666667,42.94871794871795,2.0,0.0,1.0,48.0,12.0,7.0,25.0,14.583333333333334,26.315789473684205,19.38426990864118,-58.333333333333336,-10.309278350515457,3.4285714285714284,Tahan,Konfirmasi bullish dari MACD dan RSI. ,2
2025-07-29 00:00:00+07:00,85.0,86.0,84.0,85.0,13611900,0.0,0.0,17466060.0,-18.60566631187438,179039600,60384884.89995575,0.11693981188676617,0.091907421551532,0.02503239033523416,57.14285714285714,84.5,,,85.2000060350861,85.08306622319934,84.5,87.90278523689358,81.09721476310642,6.8055704737871565,0.5734692267056578,41.66666666666667,38.88888888888889,2.0,1.0,0.0,48.0,13.0,7.0,27.083333333333332,14.583333333333334,29.999999999999996,18.81776744558699,-58.333333333333336,18.055555555555696,3.4285714285714284,Tahan,Konfirmasi bullish dari MACD dan RSI. ,2
2025-07-30 00:00:00+07:00,85.0,86.0,82.0,84.0,19061300,0.0,0.0,17424025.0,-55.07387792524294,159978300,60160634.31172045,0.012550626440983592,0.07603606252942233,-0.06348543608843873,50.0,84.5,,,85.01538972199593,85.00283909555495,84.5,87.90278523689358,81.09721476310642,6.8055704737871565,0.42653077329434214,33.33333333333333,38.888888888888886,4.0,0.0,2.0,50.0,12.0,9.0,24.0,18.0,14.285714285714286,18.647699418376106,-66.66666666666666,-23.611111111110933,3.5714285714285716,Tahan,Konfirmasi bearish dari MACD dan RSI. ,-2
2025-07-31 00:00:00+07:00,84.0,84.0,81.0,84.0,17804200,0.0,0.0,17748370.0,-12.545743013905877,159978300,60160634.31172045,-0.069378799494487,0.04695309012464046,-0.11633188961912747,46.15384615384615,84.55,,,84.85917591861194,84.92855471810643,84.55,87.88876750029894,81.21123249970105,6.677535000597885,0.4176342767277518,33.33333333333333,36.111111111111114,3.0,0.0,1.0,50.0,10.0,10.0,20.0,20.0,0.0,18.09824886892556,-66.66666666666666,-65.27777777777756,3.5714285714285716,Tahan,Konfirmasi bearish dari MACD dan RSI. ,-2
2025-08-01 00:00:00+07:00,84.0,85.0,82.0,85.0,14259100,0.0,0.0,17924935.0,-22.084826892813428,174237400,60330385.50219665,-0.05300579930724325,0.02696131223826372,-0.07996711154550697,53.846153846153854,84.65,,,84.88084116190241,84.93384696120965,84.65,87.91222397501424,81.38777602498577,6.524447950028474,0.553644385345808,41.66666666666667,36.11111111111111,3.0,1.0,0.0,50.0,11.0,10.0,22.0,20.0,4.761904761904762,17.41797676008202,-58.333333333333336,-25.531914893616765,3.5714285714285716,Tahan,,0
2025-08-04 00:00:00+07:00,85.0,85.0,83.0,85.0,10479600,0.0,0.0,17810350.0,-66.69664506738783,174237400,60330385.50219665,-0.039573895464727116,0.013654270697665552,-0.05322816616239267,58.33333333333333,84.85,,,84.89917329084051,84.93874718630524,84.85,87.6239388677664,82.07606113223359,5.547877735532808,0.5270373658451938,36.36363636363637,37.121212121212125,2.0,0.0,0.0,48.0,11.0,7.0,22.916666666666664,14.583333333333334,22.222222222222214,18.355927698032957,-63.63636363636363,-20.48857368006388,3.4285714285714284,Tahan,,0
2025-08-05 00:00:00+07:00,85.0,85.0,82.0,85.0,13183200,0.0,0.0,17602540.0,-23.708333333333336,174237400,60330385.50219665,-0.028599339514428834,0.005203548655246674,-0.033802888169675506,44.444444444444436,85.0,84.98,,84.91468509224967,84.9432844317641,85.0,87.42790791466751,82.57209208533249,4.855815829335029,0.5,36.36363636363637,38.131313131313135,3.0,0.0,1.0,44.0,6.0,8.0,13.636363636363635,18.181818181818183,14.285714285714294,17.590621575583977,-63.63636363636363,-45.125585355470015,3.142857142857143,Tahan,,0
2025-08-06 00:00:00+07:00,85.0,86.0,83.0,83.0,15462300,0.0,0.0,17756730.0,-19.341999561819907,158775100,59966566.67866723,-0.17921928183812952,-0.031681017443428564,-0.14753826439470097,36.36363636363636,85.0,84.96,,84.62011815498049,84.79933743681862,85.0,87.42790791466751,82.57209208533249,4.855815829335029,0.08812276447603935,18.181818181818183,30.303030303030308,3.0,1.0,0.0,44.0,7.0,8.0,15.909090909090908,18.181818181818183,6.666666666666673,17.352526337488744,-81.81818181818183,-52.393857271906114,3.142857142857143,Tahan,Harga mendekati support (BB Lower). Konfirmasi bearish dari MACD dan RSI. ,-1
2025-08-07 00:00:00+07:00,83.0,84.0,82.0,84.0,11695400,0.0,0.0,17873210.0,-7.3837089595970795,170470500,60107475.11240217,-0.2154118944069836,-0.06842719283613957,-0.14698470157084403,41.66666666666667,85.0,85.0,,84.52471536190656,84.74012725631354,85.0,87.42790791466751,82.57209208533249,4.855815829335029,0.2940613822380197,27.27272727272727,27.27272727272727,2.0,0.0,1.0,43.0,7.0,8.0,16.27906976744186,18.6046511627907,6.666666666666669,17.452776964055158,-72.72727272727273,-88.52755194218648,3.0714285714285716,Tahan,Konfirmasi bearish dari MACD dan RSI. ,-2
2025-08-08 00:00:00+07:00,84.0,84.0,82.0,83.0,15188800,0.0,0.0,17554895.0,-1.3201663201663203,155281700,59926656.064783126,-0.3210851732639668,-0.11895878892170503,-0.20212638434226177,27.272727272727266,84.9,85.02,,84.29014376776709,84.61122894103106,84.9,87.48741895372689,82.31258104627312,5.174837907453764,0.1328387412360738,22.22222222222222,22.558922558922557,2.0,0.0,0.0,39.0,3.0,8.0,7.6923076923076925,20.51282051282051,45.454545454545446,19.400828912107105,-77.77777777777779,-96.21115368241836,2.7857142857142856,Tahan,Harga mendekati support (BB Lower). Momentum negatif dari OBV. ,0
2025-08-11 00:00:00+07:00,83.0,84.0,79.0,81.0,18403100,0.0,0.0,17622970.0,92.44468147404525,136878600,59483207.87201204,-0.5597626974594476,-0.20711957062925357,-0.35264312683019405,27.272727272727266,84.75,84.98,,83.78396780349523,84.34373050095468,84.75,87.85347852374852,81.64652147625148,6.206957047497042,-0.10416077818875662,22.22222222222222,23.905723905723903,5.0,0.0,3.0,39.0,3.0,10.0,7.6923076923076925,25.64102564102564,53.84615384615384,21.54630248615211,-77.77777777777779,-157.40740740740702,2.7857142857142856,Tahan,Momentum negatif dari OBV. ,-1
2025-08-12 00:00:00+07:00,81.0,89.0,80.0,86.0,32066300,0.0,0.0,18390115.0,135.5754890941015,168944900,61462609.106579944,-0.3415212967868655,-0.23399991586077595,-0.10752138092608954,50.0,84.9,85.06,,84.12489583372673,84.46641713051359,84.9,87.93661861806498,81.86338138193503,6.073237236129955,0.6811225146049039,70.0,38.148148148148145,9.0,5.0,0.0,45.0,8.0,10.0,17.77777777777778,22.22222222222222,11.111111111111107,20.63927300769406,-30.0,6.666666666666994,3.2142857142857144,Tahan,Volume tinggi dengan harga menguat. Momentum negatif dari OBV. ,1
2025-08-13 00:00:00+07:00,86.0,88.0,84.0,85.0,17148100,0.0,0.0,17126115.0,-10.03709085949017,151796800,61263212.59495204,-0.24641454358996384,-0.23648284140661355,-0.009931702183350294,47.05882352941176,84.85,85.12,,84.25952724392262,84.50594178751258,84.85,87.84297422923117,81.85702577076881,5.98594845846236,0.5250586855267606,60.0,50.74074074074074,4.0,0.0,0.0,47.0,8.0,10.0,17.02127659574468,21.27659574468085,11.111111111111112,20.00435237277343,-40.0,40.00000000000054,3.357142857142857,Tahan,Momentum negatif dari OBV. ,-1
2025-08-14 00:00:00+07:00,86.0,86.0,83.0,85.0,14891900,0.0,0.0,16852795.0,-16.357376349400703,151796800,61263212.59495204,-0.16909256266829686,-0.2230047856589502,0.05391222299065335,53.33333333333333,84.8,85.22,,84.37344612947298,84.54253869214128,84.8,87.74511191816646,81.85488808183354,5.890223836332922,0.5339545670176971,60.0,63.333333333333336,3.0,0.0,1.0,47.0,8.0,10.0,17.02127659574468,21.27659574468085,11.111111111111112,18.417050785471837,-40.0,-4.535147392289989,3.357142857142857,Tahan,Konfirmasi bullish dari MACD dan RSI. Momentum negatif dari OBV. ,1
2025-08-15 00:00:00+07:00,85.0,103.0,83.0,93.0,209158000,0.0,0.0,26395655.0,1366.8387205363592,360954800,80948671.41848145,0.5315909558620007,-0.07208563735476005,0.6036765932167607,68.18181818181819,85.15,85.5,,85.70060826340021,85.16901730753821,85.15,89.84153773466541,80.4584622653346,9.383075469330805,1.3366126890546954,58.333333333333336,59.44444444444445,20.0,17.0,0.0,65.0,25.0,9.0,38.46153846153847,13.846153846153847,47.05882352941177,19.898696075166665,-41.66666666666667,326.4604810996556,4.642857142857143,Beli,Volume tinggi dengan harga menguat. Konfirmasi bullish dari MACD dan RSI. ,4
2025-08-19 00:00:00+07:00,100.0,103.0,93.0,95.0,80014300,0.0,0.0,28823015.0,663.5243711592045,440969100,82669409.05289006,1.2340456674642297,0.1891406236090379,1.044905043855192,70.83333333333333,85.5,85.8,,87.1312839151848,85.89723824772057,85.5,91.84117704498064,79.15882295501936,12.68235408996128,1.2490722883632248,66.66666666666666,61.666666666666664,10.0,0.0,0.0,73.0,24.0,9.0,32.87671232876712,12.32876712328767,45.45454545454545,21.002592179062766,-33.33333333333333,348.4848484848484,5.214285714285714,Tahan,,0
2025-08-20 00:00:00+07:00,97.0,99.0,94.0,95.0,21651200,0.0,0.0,29041575.0,64.23326658171005,440969100,82669409.05289006,1.770338724503418,0.5053802437879139,1.2649584807155039,73.91304347826087,85.95,86.1,,88.34185562054098,86.57151689603756,85.95,93.58578831280012,78.31421168719989,15.271576625600233,1.092604170602084,66.66666666666666,63.888888888888886,5.0,0.0,0.0,74.0,24.0,7.0,32.432432432432435,9.45945945945946,54.83870967741936,23.8992347070417,-33.33333333333333,234.40233236151585,5.285714285714286,Tahan,,0
2025-08-21 00:00:00+07:00,95.0,97.0,95.0,97.0,18148000,0.0,0.0,28990465.0,17.369343499996766,459117100,83051472.2107848,2.3298807068047296,0.8702803363912771,1.4596003704134524,76.0,86.5,86.36,,89.67387783276544,87.34399712596071,86.5,95.59597944727578,77.40402055272422,18.19195889455156,1.0771780851563335,75.0,69.44444444444444,2.0,0.0,0.0,73.0,24.0,6.0,32.87671232876712,8.21917808219178,59.99999999999999,28.184948992755984,-25.0,180.35279805352818,5.214285714285714,Tahan,Momentum positif dari OBV. Trend bullish kuat (ADX). ,2
2025-08-22 00:00:00+07:00,98.0,124.0,97.0,118.0,448865400,0.0,0.0,50802345.0,3737.965353899824,907982500,180228517.57160956,4.41693062790344,1.57961039469371,2.8373202332097303,86.66666666666667,88.1,87.06,,94.03174278157076,89.61481215366732,88.1,104.85708805252274,71.34291194747725,33.51417610504549,1.3921597805741261,86.66666666666667,76.1111111111111,27.0,27.0,0.0,97.0,50.0,6.0,51.546391752577314,6.185567010309279,78.57142857142857,33.4570578362934,-13.333333333333334,298.224852071006,6.928571428571429,Beli,Volume tinggi dengan harga menguat. Momentum positif dari OBV. Trend bullish kuat (ADX). ,4
2025-08-25 00:00:00+07:00,121.0,122.0,111.0,117.0,125833500,0.0,0.0,56324420.0,728.4624196776572,782149000,179162131.9783892,5.921976228446255,2.448083561444219,3.4738926670020356,84.78260869565217,89.75,87.34,,97.56532081517526,91.643344586729,89.75,110.76503221380756,68.73496778619244,42.030064427615116,1.1483454253783125,84.44444444444444,82.03703703703704,11.0,0.0,0.0,106.0,50.0,6.0,47.16981132075472,5.660377358490567,78.57142857142858,37.482001146951,-15.555555555555555,240.2759430500514,7.571428571428571,Tahan,Momentum positif dari OBV. Trend bullish kuat (ADX). ,2
2025-08-26 00:00:00+07:00,119.0,133.0,116.0,116.0,215139600,0.0,0.0,66603260.0,1069.0399986958719,567009400,177323331.9783892,6.953884021139942,3.349243653383364,3.604640367756578,82.97872340425532,91.3,87.76,,100.40142530514828,93.44754128400834,91.3,115.21300020799083,67.38699979200916,47.82600041598167,1.0164554799724834,68.51851851851852,79.87654320987654,17.0,11.0,0.0,120.0,61.0,5.0,50.83333333333333,4.166666666666666,84.84848484848484,42.52219904429175,-31.48148148148148,213.63769388352355,8.571428571428571,Tahan,Momentum positif dari OBV. Trend bullish kuat (ADX). ,2
2025-08-27 00:00:00+07:00,117.0,119.0,108.0,118.0,49113100,0.0,0.0,68378320.0,53.1611068317829,616122500,178170109.5645961,7.842656405488128,4.247926203804317,3.594730201683811,87.23404255319149,92.95,88.26,,103.10889833512547,95.26624192963735,92.95,119.44707034451369,66.45292965548632,52.994140689027375,0.972693767165597,72.22222222222221,75.06172839506172,11.0,0.0,8.0,128.0,60.0,13.0,46.875,10.15625,64.38356164383562,46.64483439980382,-27.77777777777778,139.0625,9.142857142857142,Tahan,Momentum positif dari OBV. Trend bullish kuat (ADX). Harga mendekati resistance (BB Upper). ,1
2025-08-28 00:00:00+07:00,119.0,123.0,118.0,119.0,32615800,0.0,0.0,69056045.0,90.20066363037304,648738300,178446514.64934185,8.529385123647103,5.104217987772874,3.4251671358742284,87.23404255319149,94.7,88.76,,105.55368320664464,97.02429808299753,94.7,123.2517074795887,66.1482925204113,57.1034149591774,0.9255437265419555,74.07407407407408,71.60493827160494,5.0,4.0,0.0,131.0,64.0,12.0,48.854961832061065,9.16030534351145,68.42105263157895,51.05586196872612,-25.925925925925924,142.25824482951367,9.357142857142858,Tahan,Momentum positif dari OBV. Trend bullish kuat (ADX). Harga mendekati resistance (BB Upper). ,1
2025-08-29 00:00:00+07:00,119.0,119.0,109.0,116.0,19239200,0.0,0.0,69127795.0,29.192379750065474,629499100,177961492.80060235,8.73090323475573,5.829555037169445,2.901348197586284,83.6734693877551,96.3,89.26,,107.16080886716085,98.42990563240512,96.3,125.89445182711398,66.70554817288601,59.18890365422797,0.8328326558485392,68.51851851851852,71.60493827160495,10.0,0.0,9.0,139.0,64.0,21.0,46.043165467625904,15.107913669064748,50.588235294117645,51.422554100124145,-31.48148148148148,98.63402519070424,9.928571428571429,Tahan,Trend bullish kuat (ADX). Harga mendekati resistance (BB Upper). ,0
2025-09-01 00:00:00+07:00,110.0,114.0,103.0,112.0,12377100,0.0,0.0,69033695.0,-94.08241616385699,617122000,177534696.2488782,8.470202002892051,6.3576844303139675,2.112517572578084,80.3921568627451,97.65,89.76,,107.90529981067456,99.43509780778251,97.65,127.53592345992732,67.7640765400727,59.771846919854625,0.7400795816003689,60.37735849056604,67.65665036105288,13.0,0.0,6.0,147.0,64.0,24.0,43.53741496598639,16.3265306122449,45.454545454545446,50.82315350072354,-39.62264150943396,63.430420711974094,10.5,Tahan,Trend bullish kuat (ADX). ,1
2025-09-02 00:00:00+07:00,112.0,116.0,111.0,111.0,17311400,0.0,0.0,69375285.0,-78.36461732465322,599810600,177380130.17744964,8.089650302681008,6.704077604787376,1.3855726978936325,76.59574468085107,98.95,90.24,,108.38140753210925,100.29175722942824,98.95,128.780927081241,69.11907291875899,59.661854162482015,0.701971597583663,56.00000000000001,61.631959003028186,5.0,2.0,0.0,143.0,61.0,24.0,42.65734265734265,16.783216783216783,43.52941176470588,53.13874640455174,-44.0,69.51423785594643,10.214285714285714,Tahan,Momentum positif dari OBV. Trend bullish kuat (ADX). ,2
2025-09-03 00:00:00+07:00,112.0,126.0,111.0,124.0,78998400,0.0,0.0,72666045.0,264.8684599467928,678809000,186632195.0423145,8.736344551203047,7.11053099407051,1.6258135571325365,83.05084745762711,100.9,91.04,,110.78426791178475,102.0479233605817,100.9,131.96461856060353,69.8353814393965,62.12923712120703,0.8718056275974311,82.0,66.12578616352202,15.0,10.0,0.0,154.0,71.0,24.0,46.103896103896105,15.584415584415584,49.47368421052632,55.878930197367104,-18.0,95.21506026524767,11.0,Tahan,Momentum positif dari OBV. Trend bullish kuat (ADX). Harga mendekati resistance (BB Upper). ,1
2025-09-04 00:00:00+07:00,123.0,124.0,111.0,111.0,48452900,0.0,0.0,74315575.0,166.98754683711704,630356100,181552455.52618545,8.106417315131097,7.309708258282628,0.7967090568484689,68.05555555555556,102.3,91.58,,110.81745746381787,102.71104014868678,102.3,132.4791144231971,72.12088557680289,60.35822884639421,0.644139418373933,56.00000000000001,64.66666666666667,13.0,0.0,0.0,164.0,71.0,23.0,43.292682926829265,14.02439024390244,51.06382978723404,58.73269581709018,-44.0,63.905805927730384,11.714285714285714,Beli,Konfirmasi bullish dari MACD dan RSI. Trend bullish kuat (ADX). ,3
2025-09-08 00:00:00+07:00,111.0,125.0,111.0,117.0,88959300,0.0,0.0,78178770.0,-80.18129711044782,719315400,186361066.33699626,7.9991362348453094,7.447593853595164,0.5515423812501457,67.14285714285714,103.95,92.28,,111.76861785399974,103.76948161915443,103.95,133.51865338763162,74.3813466123684,59.13730677526321,0.7206728833559043,60.0,66.0,14.0,1.0,0.0,158.0,55.0,23.0,34.810126582278485,14.556962025316455,41.025641025641036,58.30175420967798,-40.0,68.63235049142101,11.285714285714286,Beli,Konfirmasi bullish dari MACD dan RSI. Momentum positif dari OBV. Trend bullish kuat (ADX). ,4
2025-09-09 00:00:00+07:00,118.0,121.0,111.0,114.0,15629800,0.0,0.0,78200820.0,-87.57898333909492,703685600,185960302.23443216,7.584609619409491,7.47499700675803,0.10961261265146138,63.38028169014085,105.5,92.86,,112.11190741492285,104.52729779551336,105.5,133.66119016623676,77.33880983376324,56.32238033247353,0.65091691703767,51.28205128205128,55.760683760683754,10.0,0.0,0.0,158.0,55.0,23.0,34.810126582278485,14.556962025316455,41.025641025641036,57.98540389332767,-48.717948717948715,52.011341485025675,11.285714285714286,Beli,Konfirmasi bullish dari MACD dan RSI. Momentum positif dari OBV. Trend bullish kuat (ADX). ,4
2025-09-10 00:00:00+07:00,116.0,119.0,113.0,114.0,9210300,0.0,0.0,77741180.0,-95.71891925057032,703685600,185960302.23443216,7.173403756952268,7.414678356796879,-0.2412745998446102,63.38028169014085,107.15,93.42,,112.40238319724241,105.22897944029015,107.15,133.04269354368859,81.25730645631144,51.785387087377146,0.6322766978345074,50.0,53.760683760683754,6.0,0.0,0.0,159.0,55.0,23.0,34.59119496855346,14.465408805031446,41.025641025641036,56.998756132486356,-50.0,47.654139032178804,11.357142857142858,Tahan,Momentum positif dari OBV. Trend bullish kuat (ADX). ,2
2025-09-11 00:00:00+07:00,119.0,120.0,116.0,118.0,17703000,0.0,0.0,77023015.0,-63.9546271768632,721388600,186581460.12916902,7.08857404981967,7.349457495401437,-0.2608834455817677,64.3835616438356,108.75,94.1,,113.26355501305127,106.1749809632316,108.75,133.04533201861503,84.45466798138497,48.590664037230056,0.6903657869938281,58.333333333333336,53.205128205128204,6.0,1.0,0.0,163.0,56.0,23.0,34.355828220858896,14.11042944785276,41.77215189873418,55.69676698239594,-41.66666666666667,60.22501654533417,11.642857142857142,Tahan,Momentum positif dari OBV. Trend bullish kuat (ADX). ,2
2025-09-12 00:00:00+07:00,119.0,120.0,116.0,116.0,11780200,0.0,0.0,76754620.0,-63.88192225853727,709608400,186381795.72238937,6.781786398364531,7.235923275994057,-0.4541368776295256,48.14814814814815,110.3,94.74,,113.68454654950492,106.90276015114038,110.3,132.0362176538316,88.5637823461684,43.47243530766322,0.6311175681707257,43.333333333333336,50.55555555555555,4.0,0.0,0.0,140.0,29.0,23.0,20.714285714285715,16.428571428571427,11.538461538461547,50.90869790861258,-56.666666666666664,52.957093158098,10.0,Tahan,Momentum positif dari OBV. Trend bullish kuat (ADX). ,2
2025-09-15 00:00:00+07:00,118.0,119.0,114.0,115.0,13131200,0.0,0.0,76666585.0,-31.74768181629174,696477200,186268595.72238937,6.384368307926877,7.065612282380622,-0.6812439744537446,48.14814814814815,111.8,95.38,,113.88692400342724,107.50255569550036,111.8,130.04511470301898,93.554885296981,36.49022940603798,0.5876947076542772,40.0,47.22222222222222,5.0,0.0,2.0,134.0,29.0,25.0,21.641791044776117,18.65671641791045,7.407407407407399,45.82555353975392,-60.0,38.58363858363862,9.571428571428571,Tahan,Trend bullish kuat (ADX). ,1
2025-09-16 00:00:00+07:00,117.0,134.0,117.0,126.0,219724100,0.0,0.0,77194890.0,1675.2470287870342,916201300,207285683.54847634,6.877737401653192,7.028037306235136,-0.15029990458194398,57.8125,113.45,96.24,,115.75047415674612,108.87273675509293,113.45,130.46361683754344,96.43638316245658,34.02723367508686,0.868822223981978,74.19354838709677,52.50896057347669,19.0,15.0,0.0,136.0,33.0,25.0,24.264705882352942,18.38235294117647,13.793103448275861,40.75016915402472,-25.806451612903224,139.098471657961,9.714285714285714,Beli,Volume tinggi dengan harga menguat. Momentum positif dari OBV. Trend bullish kuat (ADX). Harga mendekati resistance (BB Upper). ,3
2025-09-17 00:00:00+07:00,126.0,145.0,120.0,138.0,262466700,0.0,0.0,86317510.0,1416.1494737571775,1178668000,232282512.1199049,8.143166322360116,7.251063109460133,0.8921032128999835,63.51351351351351,115.6,97.38,,119.17347813263135,111.03031181027123,115.6,133.63388623207942,97.56611376792057,36.06777246415885,1.1210530473502145,83.33333333333334,65.84229390681003,25.0,11.0,0.0,150.0,44.0,17.0,29.333333333333332,11.333333333333332,44.26229508196722,39.31293582817697,-16.666666666666664,240.0425985090523,10.714285714285714,Beli,Volume tinggi dengan harga menguat. Konfirmasi bullish dari MACD dan RSI. Momentum positif dari OBV. Trend bullish kuat (ADX). ,6
2025-09-18 00:00:00+07:00,138.0,179.0,136.0,169.0,615272500,0.0,0.0,115998575.0,678.841723376676,1793940500,370495899.8010643,11.514734094169114,8.10379730640193,3.4109367877671843,74.03846153846153,119.3,99.12,,126.8390968814573,115.32436278728818,119.3,147.20283894252765,91.39716105747235,55.8056778850553,1.3905903822612575,86.8421052631579,81.45632899452933,43.0,34.0,0.0,188.0,74.0,17.0,39.361702127659576,9.042553191489363,62.637362637362635,38.899815114304374,-13.157894736842104,402.4294052689698,13.428571428571429,Beli,Volume tinggi dengan harga menguat. Momentum positif dari OBV. Trend bullish kuat (ADX). ,4
2025-09-19 00:00:00+07:00,172.0,192.0,172.0,176.0,246431200,0.0,0.0,127412735.0,408.5994852733273,2040371700,380703109.26851994,14.58345831317422,9.399729507756387,5.183728805417832,77.77777777777777,123.25,100.98,,134.40231274584846,119.81885443267424,123.25,159.09689665786993,87.40310334213007,71.69379331573987,1.2357680150593888,82.02247191011236,84.06597016886786,23.0,13.0,0.0,201.0,87.0,8.0,43.28358208955223,3.9800995024875623,83.15789473684211,41.22621936021327,-17.97752808988764,347.56097560975553,14.357142857142858,Beli,Volume tinggi dengan harga menguat. Momentum positif dari OBV. Trend bullish kuat (ADX). Stochastic overbought dengan potensi reversal. ,3
2025-09-22 00:00:00+07:00,174.0,183.0,170.0,175.0,76718100,0.0,0.0,108805370.0,-13.760450003540944,1963653600,380267210.9730654,16.741764088028106,10.86813642381073,5.873627664217375,80.0,126.1,102.8,,140.6481107849487,123.9063466969206,126.1,168.62998941923223,83.57001058076774,85.05997883846449,1.0748884571540385,79.01234567901234,82.62564095076085,13.0,0.0,2.0,201.0,87.0,4.0,43.28358208955223,1.9900497512437811,91.20879120879121,44.49437977123081,-20.98765432098765,225.9746146872166,14.357142857142858,Tahan,Momentum positif dari OBV. Trend bullish kuat (ADX). ,2
2025-09-23 00:00:00+07:00,179.0,196.0,176.0,194.0,197486800,0.0,0.0,112388035.0,1163.5273643936582,2161140400,401708634.9730654,19.757624577295076,12.646034054507599,7.111590522787477,83.73983739837398,129.95,104.98,,148.85609374111044,129.09846916381537,129.95,181.90737119074288,77.9926288092571,103.91474238148578,1.1163706759226075,97.6470588235294,86.22729213755137,21.0,13.0,0.0,217.0,98.0,4.0,45.16129032258064,1.8433179723502304,92.15686274509805,47.96776912697312,-2.3529411764705883,205.01667391619546,15.5,Beli,Volume tinggi dengan harga menguat. Momentum positif dari OBV. Trend bullish kuat (ADX). ,4
2025-09-24 00:00:00+07:00,194.0,196.0,180.0,186.0,94316600,0.0,0.0,106346885.0,924.0339619773515,2066823800,397819290.64316845,21.257143483959567,14.368255940397994,6.888887543561573,76.27118644067797,133.45,107.02,,154.57054085786268,133.31339737390311,133.45,190.62001422350528,76.2799857764947,114.34002844701058,0.9595940784145741,88.23529411764706,88.29823287339626,16.0,0.0,0.0,218.0,88.0,4.0,40.36697247706422,1.834862385321101,91.30434782608695,50.95567367094174,-11.76470588235294,157.75711795467748,15.571428571428571,Tahan,Momentum positif dari OBV. Trend bullish kuat (ADX). Harga mendekati resistance (BB Upper). Stochastic overbought dengan potensi reversal. ,0
2025-09-25 00:00:00+07:00,187.0,210.0,185.0,204.0,147398600,0.0,0.0,111261160.0,732.6193300570525,2214222400,412083671.2883297,23.625631020702883,16.21973095645897,7.405900064243912,87.8048780487805,137.75,109.44,,162.17507303357613,138.54944201287324,137.75,202.4659786662989,73.03402133370112,129.4319573325978,1.0118519519082847,93.93939393939394,93.2739156268568,25.0,14.0,0.0,230.0,102.0,4.0,44.34782608695652,1.7391304347826086,92.45283018867923,53.912030842473534,-6.0606060606060606,154.41722345953963,16.428571428571427,Tahan,Momentum positif dari OBV. Trend bullish kuat (ADX). ,2
2025-09-26 00:00:00+07:00,204.0,214.0,194.0,200.0,182010800,0.0,0.0,118730910.0,1445.0569599837015,2032211600,408514832.07264346,24.89295736976726,17.954376239120627,6.938581130646632,84.29752066115702,141.8,111.72,,167.9942925668721,143.10133519710485,141.8,211.52004167042878,72.07995832957123,139.44008334085754,0.9173835715353932,86.40776699029125,89.52748501577742,20.0,4.0,0.0,236.0,105.0,4.0,44.49152542372881,1.694915254237288,92.6605504587156,57.60023865912172,-13.592233009708737,133.5367625690206,16.857142857142858,Tahan,Trend bullish kuat (ADX). Harga mendekati resistance (BB Upper). Stochastic overbought dengan potensi reversal. ,-1
2025-09-29 00:00:00+07:00,200.0,250.0,188.0,232.0,243347800,0.0,0.0,129936340.0,1753.2030583648104,2275559400,447450480.07264346,28.15490300086023,19.99448159146855,8.160421409391681,89.33333333333333,147.6,114.64,,177.841324479661,149.68642147880078,147.6,226.92186265297136,68.27813734702862,158.64372530594272,1.0320096955441227,86.86131386861314,89.06949159943277,62.0,36.0,0.0,288.0,141.0,4.0,48.95833333333333,1.3888888888888888,94.48275862068967,61.4186042016252,-13.138686131386862,148.1122942884802,20.571428571428573,Beli,Volume tinggi dengan harga menguat. Momentum positif dari OBV. Trend bullish kuat (ADX). Stochastic overbought dengan potensi reversal. ,3
2025-09-30 00:00:00+07:00,232.0,232.0,232.0,232.0,0,0.0,0.0,129317485.0,-100.0,2275559400,447450480.07264346,30.3897048143848,22.073526236051798,8.316178578333002,89.33333333333333,153.6,117.56,,186.173428405867,155.78372359148221,153.6,239.4674621299104,67.7325378700896,171.7349242598208,0.9565175099817628,86.76470588235294,86.67792891375244,0.0,0.0,0.0,282.0,141.0,4.0,50.0,1.4184397163120568,94.48275862068965,65.23696974412867,-13.23529411764706,140.73975163573246,20.142857142857142,Tahan,Momentum positif dari OBV. Trend bullish kuat (ADX). Harga mendekati resistance (BB Upper). ,1
2025-10-01 00:00:00+07:00,232.0,242.0,222.0,224.0,86535000,0.0,0.0,132778665.0,-67.03010324738338,2189024400,444466514.5554021,31.15611985558627,23.890044959958693,7.266074895627575,84.41558441558442,159.25,120.28,,191.99290095881054,160.83678110322427,159.25,248.13283239600807,70.36716760399193,177.76566479201614,0.8642435679339808,80.88235294117648,84.83612423071419,20.0,0.0,0.0,296.0,140.0,4.0,47.2972972972973,1.3513513513513513,94.44444444444443,68.99927635453653,-19.11764705882353,119.83014861995755,21.142857142857142,Tahan,Momentum positif dari OBV. Trend bullish kuat (ADX). Harga mendekati resistance (BB Upper). Stochastic overbought dengan potensi reversal. ,0
2025-10-02 00:00:00+07:00,228.0,256.0,226.0,252.0,110757900,0.0,0.0,134366640.0,-81.99856161294386,2299782300,458311252.0554021,33.6351502171477,25.839066011396497,7.7960842057512,87.77777777777779,165.65,123.6,,201.22476234976276,167.58961213261506,165.65,261.96805864453796,69.33194135546205,192.6361172890759,0.9482544665828185,97.1830985915493,88.27671913835957,32.0,14.0,0.0,324.0,154.0,4.0,47.53086419753087,1.2345679012345678,94.93670886075948,74.95629402041496,-2.8169014084507045,128.39108246038143,23.142857142857142,Tahan,Momentum positif dari OBV. Trend bullish kuat (ADX). Harga mendekati resistance (BB Upper). ,1
2025-10-03 00:00:00+07:00,252.0,252.0,252.0,252.0,0,0.0,0.0,131943995.0,-100.0,2299782300,458311252.0554021,35.19410391675112,27.710073592467424,7.484030324283694,88.26815642458101,172.7,126.92,,209.03633737287618,173.84223345612506,172.7,272.7444111908623,72.65558880913765,200.08882238172464,0.8963239877973462,97.12230215827337,91.72925123033303,0.0,0.0,0.0,319.0,154.0,2.0,48.275862068965516,0.6269592476489028,97.43589743589743,81.38690045102139,-2.877697841726619,125.6038647342995,22.785714285714285,Tahan,Momentum positif dari OBV. Trend bullish kuat (ADX). Harga mendekati resistance (BB Upper). ,1
2025-10-06 00:00:00+07:00,252.0,252.0,252.0,252.0,0,0.0,0.0,127496030.0,-100.0,2299782300,458311252.0554021,36.0144339786427,29.37094566970248,6.643488308940221,87.5,179.45,130.24,,215.64613162320293,179.63169764456023,179.45,281.859857666967,77.04014233303296,204.81971533393403,0.8542139480162636,97.05882352941177,97.12140809307816,0.0,0.0,0.0,300.0,139.0,2.0,46.33333333333333,0.6666666666666667,97.16312056737588,87.34190167381426,-2.941176470588235,114.51065985890787,21.428571428571427,Tahan,Momentum positif dari OBV. Trend bullish kuat (ADX). Harga mendekati resistance (BB Upper). Stochastic overbought dengan potensi reversal. ,0
2025-10-07 00:00:00+07:00,252.0,252.0,252.0,252.0,0,0.0,0.0,126714540.0,-100.0,2299782300,458311252.0554021,36.246721816550405,30.74610089907207,5.5006209174783365,86.53846153846153,186.35,133.6,,221.23903445040247,184.99231263385207,186.35,288.788222718301,83.911777281699,204.87644543660195,0.8204370315001149,96.66666666666667,96.94926411811726,0.0,0.0,0.0,275.0,128.0,2.0,46.54545454545455,0.7272727272727273,96.92307692307692,91.10338609103637,-3.3333333333333335,104.63213832279679,19.642857142857142,Tahan,Momentum positif dari OBV. Trend bullish kuat (ADX). Harga mendekati resistance (BB Upper). Stochastic overbought dengan potensi reversal. ,0
2025-10-08 00:00:00+07:00,252.0,252.0,252.0,252.0,0,0.0,0.0,126254025.0,-100.0,2299782300,458311252.0554021,36.01564565745761,31.800009850749177,4.215635806708434,83.2,193.25,136.94,,225.9714906888021,189.9558450313445,193.25,293.7411622194238,92.75883778057617,200.98232443884763,0.7923142627792411,95.34883720930233,96.35810913512692,0.0,0.0,0.0,232.0,94.0,2.0,40.51724137931034,0.8620689655172413,95.83333333333334,93.47452685503427,-4.651162790697675,95.46240851630077,16.571428571428573,Tahan,Momentum positif dari OBV. Trend bullish kuat (ADX). Stochastic overbought dengan potensi reversal. ,1
2025-10-09 00:00:00+07:00,272.0,272.0,252.0,252.0,19736100,0.0,0.0,126355680.0,-86.61038842974085,2299782300,458311252.0554021,35.424168374322704,32.52484155546388,2.8993268188588246,82.20338983050848,199.95,140.28,,229.9758767366787,194.551708362356,199.95,297.1301907473135,102.76980925268647,194.36038149462706,0.7678014912284935,80.3921568627451,90.80255357957135,20.0,20.0,0.0,229.0,101.0,2.0,44.10480349344978,0.8733624454148471,96.11650485436893,94.40014186342906,-19.607843137254903,97.42433558789372,16.357142857142858,Tahan,Trend bullish kuat (ADX). Stochastic overbought dengan potensi reversal. ,0
2025-10-10 00:00:00+07:00,260.0,270.0,260.0,270.0,11355000,0.0,0.0,126334420.0,-93.76135921604653,2311137300,459122323.4839735,35.99296345591986,33.21846593555508,2.7744975203647826,85.18518518518519,207.65,144.0,,236.13343416180507,200.1404707058852,207.65,301.15772554629984,114.14227445370015,187.01545109259968,0.8333949127504322,97.91666666666666,91.21922024623802,18.0,0.0,0.0,234.0,101.0,0.0,43.162393162393165,0.0,100.0,95.0280853485154,-2.083333333333333,101.05351875263388,16.714285714285715,Tahan,Momentum positif dari OBV. Trend bullish kuat (ADX). Harga mendekati resistance (BB Upper). ,1
2025-10-13 00:00:00+07:00,270.0,270.0,260.0,260.0,13017000,0.0,0.0,126328710.0,-94.6508659622154,2298120300,458640212.3728624,35.230703608670694,33.6209134701782,1.6097901384924924,76.19047619047619,214.9,147.52,,239.80521352152738,204.57450991285668,214.9,300.29419430530777,129.5058056946922,170.78838861061556,0.7640694743178622,86.95652173913044,88.42178175618074,10.0,0.0,0.0,223.0,88.0,0.0,39.46188340807175,0.0,100.0,95.58830943815124,-13.043478260869565,88.47967662250163,15.928571428571429,Tahan,Trend bullish kuat (ADX). Stochastic overbought dengan potensi reversal. ,0
2025-10-14 00:00:00+07:00,260.0,260.0,240.0,240.0,27890800,0.0,0.0,116737045.0,0.0,2270229500,456494766.21901625,32.636560382379514,33.42404285261846,-0.7874824702389489,69.56521739130434,220.6,150.62,,239.83518067206163,207.1986202896821,220.6,295.59445593544007,145.60554406455992,149.98891187088014,0.629342894471431,63.2183908045977,82.6971930701316,20.0,0.0,20.0,227.0,88.0,20.0,38.76651982378855,8.81057268722467,62.96296296296296,93.56392480507097,-36.7816091954023,53.42999060276552,16.214285714285715,Tahan,Trend bullish kuat (ADX). ,1
2025-10-15 00:00:00+07:00,240.0,240.0,240.0,240.0,14908400,0.0,0.0,104359130.0,-82.7718264286127,2270229500,456494766.21901625,30.232185371668436,32.78567135642846,-2.553485984760023,65.0,225.7,153.72,,239.86053749174445,209.62835212007602,225.7,290.1788010858896,161.2211989141104,128.95760217177917,0.6108891586007591,61.904761904761905,70.69322481616334,0.0,0.0,0.0,202.0,74.0,20.0,36.633663366336634,9.900990099009901,57.44680851063829,91.0634946852109,-38.095238095238095,34.19304415787419,14.428571428571429,Tahan,Trend bullish kuat (ADX). ,1
2025-10-16 00:00:00+07:00,260.0,264.0,260.0,264.0,11545300,0.0,0.0,74172770.0,-89.57609344344738,2281774800,457649296.21901625,29.918419361890017,32.21222095752077,-2.293801595630754,72.85714285714286,230.45,157.3,,243.574300954553,213.65588159266298,230.45,291.2325286531723,169.66747134682765,121.56505730634467,0.7759839113591154,90.47619047619048,71.86644772851669,24.0,24.0,0.0,206.0,94.0,20.0,45.63106796116505,9.70873786407767,64.9122807017544,89.08147541685653,-9.523809523809524,83.52798685007355,14.714285714285714,Tahan,Trend bullish kuat (ADX). ,1
2025-10-17 00:00:00+07:00,274.0,274.0,270.0,270.0,36656000,0.0,0.0,63684010.0,0.0,2318430800,458482387.1281072,29.810273122184526,31.731831390453525,-1.9215582682689991,66.66666666666666,235.15,161.04,,247.639793115391,217.82951999320647,235.15,292.6534095098994,177.64659049010058,115.00681901979883,0.8030255101134521,92.3076923076923,81.56288156288156,10.0,10.0,0.0,154.0,68.0,20.0,44.15584415584416,12.987012987012985,54.545454545454554,86.22881084005402,-7.6923076923076925,100.20252232348331,11.0,Tahan,Momentum positif dari OBV. Trend bullish kuat (ADX). Harga mendekati resistance (BB Upper). ,1
2025-10-20 00:00:00+07:00,286.0,302.0,268.0,300.0,75288100,0.0,0.0,63612510.0,0.0,2393718900,466847731.5725516,31.778987343245092,31.741262581011842,0.03772476223324972,73.61111111111111,241.4,165.36,,255.69520955917702,223.91622221593192,241.4,298.54763889767435,184.25236110232566,114.29527779534868,1.0127070963065175,97.5,93.42796092796091,34.0,28.0,0.0,188.0,96.0,20.0,51.06382978723404,10.638297872340425,65.51724137931035,84.15984532281264,-2.5,147.23467862481314,13.428571428571429,Tahan,Momentum positif dari OBV. Trend bullish kuat (ADX). ,2
2025-10-21 00:00:00+07:00,300.0,304.0,288.0,300.0,38464600,0.0,0.0,55661400.0,0.0,2393718900,466847731.5725516,32.9592735581131,31.984864776432094,0.974408781681003,77.94117647058823,246.7,169.7,,262.5113311654575,229.55205760734438,246.7,304.98821312644367,188.4117868735563,116.57642625288736,0.9572107904935873,94.87179487179486,94.8931623931624,16.0,2.0,0.0,184.0,98.0,20.0,53.2608695652174,10.869565217391305,66.10169491525423,82.13536321358477,-5.128205128205128,162.02090592334494,13.142857142857142,Tahan,Momentum positif dari OBV. Trend bullish kuat (ADX). Harga mendekati resistance (BB Upper). Stochastic overbought dengan potensi reversal. ,0
2025-10-22 00:00:00+07:00,300.0,360.0,300.0,330.0,165376200,0.0,0.0,59214380.0,0.0,2559095100,483385351.5725516,35.90155736112234,32.76820329337014,3.133354067752201,78.26086956521739,253.9,174.68,,272.89420329384865,236.9926459327263,253.9,316.06412910488217,191.73587089511784,124.32825820976433,1.1120893278469766,75.0,89.1239316239316,60.0,56.0,0.0,212.0,140.0,20.0,66.0377358490566,9.433962264150944,74.99999999999999,80.71131258067338,-25.0,239.48573808036636,15.142857142857142,Tahan,Momentum positif dari OBV. Trend bullish kuat (ADX). ,2
2025-10-23 00:00:00+07:00,330.0,336.0,322.0,330.0,44730000,0.0,0.0,54080950.0,126.6405216836153,2559095100,483385351.5725516,37.79763091207121,33.77408881711036,4.0235420949608525,78.26086956521739,260.2,179.56,,281.6797104794104,243.8820795673392,260.2,326.47407209142193,193.92592790857807,132.54814418284386,1.0266011110929945,75.0,81.62393162393161,14.0,0.0,0.0,226.0,140.0,20.0,61.94690265486725,8.849557522123893,75.0,79.10874847810928,-25.0,199.57902793723693,16.142857142857142,Tahan,Momentum positif dari OBV. Trend bullish kuat (ADX). ,2
2025-10-24 00:00:00+07:00,334.0,348.0,332.0,338.0,65103000,0.0,0.0,48235560.0,473.3421400264201,2624198100,484963606.11800617,39.49059302848903,34.917389659386096,4.573203369102934,79.45205479452055,267.1,184.62,,290.34437040565496,250.85377737716593,267.1,335.6792664693472,198.52073353065282,137.1585329386944,1.0169200813170702,81.66666666666667,77.22222222222223,18.0,12.0,0.0,244.0,152.0,20.0,62.295081967213115,8.19672131147541,76.74418604651163,77.6502531551904,-18.333333333333332,188.17134722401968,17.428571428571427,Tahan,Momentum positif dari OBV. Trend bullish kuat (ADX). ,2
2025-10-27 00:00:00+07:00,338.0,344.0,302.0,310.0,71699800,0.0,0.0,39653160.0,450.81662441422753,2552498300,479023977.7156393,38.13333436723815,35.56057860095651,2.572755766281638,66.66666666666666,271.0,189.12,,293.36831342016956,255.2349790529314,271.0,340.0446080062512,201.95539199374878,138.08921601250245,0.7824261091935591,58.333333333333336,71.66666666666667,42.0,0.0,30.0,286.0,152.0,50.0,53.14685314685315,17.482517482517483,50.4950495049505,74.33396548246708,-41.66666666666667,114.0604890604892,20.428571428571427,Beli,Konfirmasi bullish dari MACD dan RSI. Momentum positif dari OBV. Trend bullish kuat (ADX). ,4
2025-10-28 00:00:00+07:00,314.0,336.0,314.0,326.0,26086800,0.0,0.0,40957500.0,-6.468082665251624,2578585100,480370393.1995103,37.91174043757161,36.03081096827953,1.8809294692920773,69.47368421052632,275.7,193.78,,298.3885728939896,260.476832456418,275.7,346.3454453405771,205.05455465942288,141.29089068115422,0.8560031347916838,71.66666666666667,70.55555555555556,26.0,0.0,0.0,312.0,152.0,50.0,48.717948717948715,16.025641025641026,50.4950495049505,71.09551663758259,-28.333333333333332,110.38912540144894,22.285714285714285,Beli,Konfirmasi bullish dari MACD dan RSI. Momentum positif dari OBV. Trend bullish kuat (ADX). Harga mendekati resistance (BB Upper). ,3
2025-10-29 00:00:00+07:00,328.0,336.0,318.0,326.0,83070600,0.0,0.0,40784280.0,457.2066754313004,2578585100,480370393.1995103,37.3060843338435,36.28586564139233,1.0202186924511736,69.47368421052632,280.8,198.4,,302.6364847564527,265.3304004226092,280.8,350.45055635097293,211.1494436490271,139.30111270194584,0.824476948699697,71.66666666666667,67.22222222222223,18.0,0.0,0.0,310.0,132.0,50.0,42.58064516129032,16.129032258064516,45.05494505494506,67.44826236619517,-28.333333333333332,98.60572085669115,22.142857142857142,Beli,Konfirmasi bullish dari MACD dan RSI. Momentum positif dari OBV. Trend bullish kuat (ADX). Harga mendekati resistance (BB Upper). ,3
2025-10-30 00:00:00+07:00,326.0,326.0,314.0,326.0,56159800,0.0,0.0,38054375.0,386.4299758343222,2578585100,480370393.1995103,36.40642688124916,36.309977889363694,0.09644899188546674,66.27906976744185,284.5,203.02,,306.2308717169984,269.82444483574926,284.5,355.55668604416473,213.44331395583524,142.1133720883295,0.7920203735240763,71.66666666666667,71.66666666666667,12.0,0.0,4.0,304.0,132.0,54.0,43.42105263157895,17.763157894736842,41.935483870967744,63.300796928407166,-28.333333333333332,78.61369399830934,21.714285714285715,Beli,Konfirmasi bullish dari MACD dan RSI. Momentum positif dari OBV. Trend bullish kuat (ADX). ,4
2025-10-31 00:00:00+07:00,324.0,334.0,316.0,330.0,70596200,0.0,0.0,41584185.0,92.59111741597556,2649181300,481236604.24245507,35.605767317179584,36.16913577492687,-0.5633684577472877,71.0843373493976,288.4,207.68,,309.88766068361406,274.2818933664345,288.4,360.5005146342685,216.29948536573147,144.201029268537,0.788486151666302,75.0,72.77777777777779,18.0,8.0,0.0,312.0,140.0,54.0,44.871794871794876,17.307692307692307,44.3298969072165,59.324360993208344,-25.0,79.44444444444457,22.285714285714285,Beli,Volume tinggi dengan harga menguat. Momentum positif dari OBV. Trend bullish kuat (ADX). ,4
2025-11-03 00:00:00+07:00,330.0,370.0,330.0,356.0,80573600,0.0,0.0,45612865.0,7.020365768295387,2729754900,487584827.27275807,36.64678028188655,36.26466467631881,0.3821156055677406,83.72093023255815,293.6,212.44,,316.98186673228884,280.3350864504023,293.6,369.54568696391595,217.6543130360841,151.89137392783186,0.9108199062683315,89.23076923076924,78.63247863247864,40.0,36.0,0.0,332.0,176.0,34.0,53.01204819277109,10.240963855421686,67.61904761904762,59.656938468642956,-10.76923076923077,117.40294511378855,23.714285714285715,Tahan,Momentum positif dari OBV. Trend bullish kuat (ADX). Harga mendekati resistance (BB Upper). ,1
2025-11-04 00:00:00+07:00,360.0,362.0,336.0,354.0,70939300,0.0,0.0,49159830.0,84.42749957103415,2658815600,487186291.8794996,36.885217444755085,36.38877523000606,0.49644221474902395,82.75862068965517,298.7,217.18,,322.6769641580905,285.79174671333544,298.7,376.55844104594775,220.84155895405223,155.7168820918955,0.8551316932184977,85.45454545454545,83.22843822843824,26.0,0.0,0.0,358.0,176.0,34.0,49.162011173184354,9.497206703910614,67.61904761904762,60.38352697638648,-14.545454545454545,103.57142857142864,25.571428571428573,Tahan,Momentum positif dari OBV. Trend bullish kuat (ADX). Harga mendekati resistance (BB Upper). ,1
2025-11-05 00:00:00+07:00,352.0,356.0,346.0,350.0,71078900,0.0,0.0,52713775.0,-57.0198734763527,2587736700,486383140.4670702,36.33259451031017,36.37753908606689,-0.044944575756716176,77.92207792207792,303.6,221.86,,326.8805081337689,290.5479136234587,303.6,381.4186826438299,225.78131735617012,155.6373652876598,0.7981289224103754,80.3921568627451,85.02582384935327,10.0,0.0,0.0,344.0,152.0,34.0,44.18604651162791,9.883720930232558,63.440860215053775,60.27842551305072,-19.607843137254903,94.36347907100563,24.571428571428573,Tahan,Momentum positif dari OBV. Trend bullish kuat (ADX). Stochastic overbought dengan potensi reversal. ,1
2025-11-06 00:00:00+07:00,350.0,354.0,340.0,350.0,62959700,0.0,0.0,54874955.0,40.75497429018556,2587736700,486383140.4670702,35.48558116269311,36.19914750139213,-0.7135663386990245,77.02702702702703,308.5,226.5,,330.437353036266,294.9517718735729,308.5,384.9680875990285,232.03191240097152,152.93617519805696,0.7713550273259826,80.3921568627451,82.07961972667856,14.0,0.0,6.0,348.0,142.0,40.0,40.804597701149426,11.494252873563218,56.04395604395604,60.385461334372245,-19.607843137254903,82.34167692518123,24.857142857142858,Tahan,Momentum positif dari OBV. Trend bullish kuat (ADX). Stochastic overbought dengan potensi reversal. ,1
2025-11-07 00:00:00+07:00,350.0,352.0,342.0,350.0,64419400,0.0,0.0,57528175.0,-1.050028416509224,2587736700,486383140.4670702,34.41757262923028,35.84283252695977,-1.4252598977294895,71.1864406779661,312.5,231.12,,333.44699103068666,299.0294184014564,312.5,388.8578831280015,236.14211687199847,152.71576625600304,0.745554214337879,75.60975609756098,78.79802327435038,10.0,0.0,0.0,324.0,114.0,40.0,35.18518518518518,12.345679012345679,48.05194805194805,59.1379403824178,-24.390243902439025,77.01615773364651,23.142857142857142,Tahan,Trend bullish kuat (ADX). ,1
2025-11-10 00:00:00+07:00,350.0,362.0,346.0,362.0,80047600,0.0,0.0,60879705.0,11.642710300447142,2667784300,489127629.60992736,34.145855714075765,35.50343716438297,-1.3575814503072081,73.84615384615384,317.6,236.04,,337.8397616413502,303.69390592727444,317.6,392.81030164601316,242.3896983539869,150.42060329202627,0.7951723303077166,88.57142857142857,81.52444717724488,16.0,10.0,0.0,324.0,122.0,40.0,37.65432098765432,12.345679012345679,50.61728395061729,58.03191102780089,-11.428571428571429,91.60188995579945,23.142857142857142,Tahan,Trend bullish kuat (ADX). ,1
2025-11-11 00:00:00+07:00,362.0,438.0,362.0,430.0,222611500,0.0,0.0,70615740.0,753.3492034285539,2890395800,530944154.4718058,38.968346954748824,36.19641912245614,2.7719278322926826,79.76190476190476,327.1,242.4,,352.0182598503733,313.04991289562446,327.1,408.7614319840419,245.43856801595814,163.32286396808377,1.1300403844259583,94.11764705882352,86.09961057593769,76.0,76.0,0.0,340.0,142.0,40.0,41.76470588235294,11.76470588235294,56.043956043956044,56.67790788808345,-5.88235294117647,209.39278548908814,24.285714285714285,Beli,Volume tinggi dengan harga menguat. Momentum positif dari OBV. Trend bullish kuat (ADX). ,4
2025-11-12 00:00:00+07:00,430.0,430.0,410.0,424.0,53609800,0.0,0.0,72550810.0,-35.464773337378084,2836786000,530196110.7508756,41.82393585322768,37.32192246861045,4.5020133846172286,77.01149425287356,336.3,248.66,,363.09237371954663,321.26843786631895,336.3,418.10361592831623,254.49638407168382,163.6072318566324,1.0360398743061108,89.70588235294117,90.79831932773108,20.0,0.0,0.0,346.0,142.0,40.0,41.040462427745666,11.560693641618498,56.04395604395604,55.32390474836603,-10.294117647058822,214.32945499081424,24.714285714285715,Tahan,Momentum positif dari OBV. Trend bullish kuat (ADX). Stochastic overbought dengan potensi reversal. ,1
2025-11-13 00:00:00+07:00,426.0,434.0,420.0,424.0,63978800,0.0,0.0,75172485.0,13.922770380236397,2836786000,530196110.7508756,43.58459455313874,38.57445688551611,5.0101376676226295,75.90361445783132,344.3,254.66,,372.4627777626933,328.87818320955455,344.3,427.61323266349837,260.98676733650166,166.6264653269967,0.9783153735127996,89.70588235294117,91.17647058823529,14.0,4.0,0.0,342.0,134.0,40.0,39.1812865497076,11.695906432748536,54.02298850574713,53.700962066882845,-10.294117647058822,196.26168224299064,24.428571428571427,Tahan,Momentum positif dari OBV. Trend bullish kuat (ADX). Harga mendekati resistance (BB Upper). Stochastic overbought dengan potensi reversal. ,0
2025-11-14 00:00:00+07:00,426.0,428.0,418.0,424.0,51936400,0.0,0.0,75936505.0,-26.4317342859814,2836786000,530196110.7508756,44.46733747126689,39.75303300266627,4.714304468600616,91.30434782608695,352.0,260.92,,380.3915811838174,335.9242437125505,352.0,434.86450576567506,269.13549423432494,165.72901153135012,0.9344441527449774,88.70967741935483,89.37381404174573,10.0,0.0,2.0,310.0,134.0,12.0,43.225806451612904,3.870967741935484,83.56164383561645,56.06286166193042,-11.29032258064516,167.27162734422257,22.142857142857142,Tahan,Momentum positif dari OBV. Trend bullish kuat (ADX). Harga mendekati resistance (BB Upper). Stochastic overbought dengan potensi reversal. ,0
2025-11-17 00:00:00+07:00,428.0,446.0,420.0,440.0,77808500,0.0,0.0,76062525.0,-3.4317692147303833,2914594500,533132280.5621964,45.92854816243545,40.98813603462011,4.9404121278153355,91.30434782608695,359.0,267.38,,389.5621071555378,343.6335589931023,359.0,446.8707184327912,271.1292815672088,175.7414368655824,0.9609043913869537,95.45454545454545,91.29003507561383,26.0,18.0,0.0,310.0,152.0,12.0,49.03225806451613,3.870967741935484,85.36585365853658,58.553633387186565,-4.545454545454546,157.72194304857615,22.142857142857142,Tahan,Momentum positif dari OBV. Trend bullish kuat (ADX). Harga mendekati resistance (BB Upper). ,1
2025-11-18 00:00:00+07:00,442.0,444.0,416.0,422.0,39810300,0.0,0.0,76129810.0,-43.88117728818863,2874784200,531503677.3803782,45.11407165936316,41.813323159568725,3.3007484997944374,80.76923076923077,365.1,273.54,,394.55255220853195,349.4384805491688,365.1,452.66327035800805,277.536729641992,175.12654071601605,0.8249079195384131,81.81818181818183,88.66080156402738,28.0,0.0,4.0,320.0,152.0,16.0,47.5,5.0,80.95238095238095,61.117735951289134,-18.181818181818183,117.43467352059234,22.857142857142858,Tahan,Trend bullish kuat (ADX). Harga mendekati resistance (BB Upper). Stochastic overbought dengan potensi reversal. ,-1
2025-11-19 00:00:00+07:00,424.0,426.0,400.0,422.0,66396600,0.0,0.0,71180830.0,-6.587468292278017,2874784200,531503677.3803782,43.96182856824538,42.243024241304056,1.7188043269413242,80.76923076923077,369.7,279.7,,398.7752364841424,354.813407915897,369.7,459.1453081938616,280.2546918061384,178.89061638772318,0.7923574252024839,81.53846153846153,86.27039627039626,26.0,0.0,16.0,334.0,152.0,28.0,45.50898203592814,8.383233532934131,68.8888888888889,63.04297916685493,-18.461538461538463,83.54940939210601,23.857142857142858,Tahan,Momentum positif dari OBV. Trend bullish kuat (ADX). Stochastic overbought dengan potensi reversal. ,1
2025-11-20 00:00:00+07:00,420.0,470.0,420.0,470.0,99226600,0.0,0.0,73905660.0,57.60335579743868,2974010800,542790115.2950702,46.38714433938395,43.07184826092004,3.315296078463909,85.0,376.7,286.74,,409.732892409659,363.345748070275,376.7,474.57876496758166,278.8212350324183,195.75752993516335,0.9766100186843479,100.0,87.78554778554779,50.0,44.0,0.0,366.0,188.0,28.0,51.36612021857923,7.650273224043716,74.07407407407406,65.1675632502019,-0.0,125.61913794920437,26.142857142857142,Tahan,Momentum positif dari OBV. Trend bullish kuat (ADX). Harga mendekati resistance (BB Upper). ,1
2025-11-21 00:00:00+07:00,470.0,478.0,438.0,478.0,63361900,0.0,0.0,73818605.0,-1.6415862302349913,3037372700,543868615.720602,48.39686872600953,44.13685235393794,4.26001637207159,83.51648351648352,383.7,293.98,,420.2355243466345,371.838655620625,383.7,489.6197312764924,277.78026872350756,211.83946255298486,0.9451484103270602,100.0,93.84615384615385,40.0,8.0,0.0,366.0,160.0,28.0,43.71584699453552,7.650273224043716,70.2127659574468,65.35282884580184,-0.0,123.55061872746768,26.142857142857142,Tahan,Momentum positif dari OBV. Trend bullish kuat (ADX). Harga mendekati resistance (BB Upper). ,1
